Register No,Student Name,Class,Stream,Subject
1501001,Aparna T K,Plus One Science A,Science,Physics
1501002,Rahul Krishnan,Plus One Science A,Science,Physics
1501003,Ayesha Menon,Plus One Science A,Science,Physics
1501004,Sidharth V R,Plus One Science A,Science,Physics
1501005,Lakshmi A K,Plus One Science A,Science,Physics
1501006,Kiran Kurian,Plus One Science A,Science,Physics
1501007,Anagha Hameed,Plus One Science A,Science,Physics
1501008,Rohan M S,Plus One Science A,Science,Physics
1501009,Anjali Abraham,Plus One Science A,Science,Physics
1501010,Vishnu Nair,Plus One Science A,Science,Physics
1501011,Hiba Babu,Plus One Science A,Science,Physics
1501012,Gokul Namboothiri,Plus One Science A,Science,Physics
1501013,Safa Thomas,Plus One Science A,Science,Physics
1501014,Ajmal Suresh,Plus One Science A,Science,Physics
1501015,Sreelakshmi P A,Plus One Science A,Science,Physics
1501016,Adithya George,Plus One Science A,Science,Physics
1501017,Gopika Pillai,Plus One Science A,Science,Physics
1501018,Akhil C K,Plus One Science A,Science,Physics
1501019,Shifana K P,Plus One Science A,Science,Physics
1501020,Ananthu Joseph,Plus One Science A,Science,Physics
1501021,Aleena Das,Plus One Science A,Science,Physics
1501022,Basil Rajan,Plus One Science A,Science,Physics
1501023,Fathima Mathew,Plus One Science A,Science,Physics
1501024,Mohammed Varghese,Plus One Science A,Science,Physics
1501025,Meera N S,Plus One Science A,Science,Physics
1501026,Aswin T K,Plus One Science A,Science,Physics
1501027,Parvathy Krishnan,Plus One Science A,Science,Physics
1501028,Sanjay Menon,Plus One Science A,Science,Physics
1501029,Theertha V R,Plus One Science A,Science,Physics
1501030,Arjun A K,Plus One Science A,Science,Physics
1501031,Devika Kurian,Plus One Science A,Science,Physics
1501032,Nihal Hameed,Plus One Science A,Science,Physics
1501033,Riya M S,Plus One Science A,Science,Physics
1501034,Fahad Abraham,Plus One Science A,Science,Physics
1501035,Haritha Nair,Plus One Science A,Science,Physics
1501036,Jerin Babu,Plus One Science A,Science,Physics
1501037,Sneha Namboothiri,Plus One Science A,Science,Physics
1501038,Abhinav Thomas,Plus One Science A,Science,Physics
1501039,Athira Suresh,Plus One Science A,Science,Physics
1501040,Amal P A,Plus One Science A,Science,Physics
1502001,Nimisha George,Plus One Commerce A,Commerce,Accountancy
1502002,Midhun Pillai,Plus One Commerce A,Commerce,Accountancy
1502003,Nadia C K,Plus One Commerce A,Commerce,Accountancy
1502004,Muhammed K P,Plus One Commerce A,Commerce,Accountancy
1502005,Nandana Joseph,Plus One Commerce A,Commerce,Accountancy
1502006,Sreehari Das,Plus One Commerce A,Commerce,Accountancy
1502007,Keerthana Rajan,Plus One Commerce A,Commerce,Accountancy
1502008,Jithin Mathew,Plus One Commerce A,Commerce,Accountancy
1502009,Diya Varghese,Plus One Commerce A,Commerce,Accountancy
1502010,Harikrishnan N S,Plus One Commerce A,Commerce,Accountancy
1502011,Aparna T K,Plus One Commerce A,Commerce,Accountancy
1502012,Rahul Krishnan,Plus One Commerce A,Commerce,Accountancy
1502013,Ayesha Menon,Plus One Commerce A,Commerce,Accountancy
1502014,Sidharth V R,Plus One Commerce A,Commerce,Accountancy
1502015,Lakshmi A K,Plus One Commerce A,Commerce,Accountancy
1502016,Kiran Kurian,Plus One Commerce A,Commerce,Accountancy
1502017,Anagha Hameed,Plus One Commerce A,Commerce,Accountancy
1502018,Rohan M S,Plus One Commerce A,Commerce,Accountancy
1502019,Anjali Abraham,Plus One Commerce A,Commerce,Accountancy
1502020,Vishnu Nair,Plus One Commerce A,Commerce,Accountancy
1502021,Hiba Babu,Plus One Commerce A,Commerce,Accountancy
1502022,Gokul Namboothiri,Plus One Commerce A,Commerce,Accountancy
1502023,Safa Thomas,Plus One Commerce A,Commerce,Accountancy
1502024,Ajmal Suresh,Plus One Commerce A,Commerce,Accountancy
1502025,Sreelakshmi P A,Plus One Commerce A,Commerce,Accountancy
1502026,Adithya George,Plus One Commerce A,Commerce,Accountancy
1502027,Gopika Pillai,Plus One Commerce A,Commerce,Accountancy
1502028,Akhil C K,Plus One Commerce A,Commerce,Accountancy
1502029,Shifana K P,Plus One Commerce A,Commerce,Accountancy
1502030,Ananthu Joseph,Plus One Commerce A,Commerce,Accountancy
1502031,Aleena Das,Plus One Commerce A,Commerce,Accountancy
1502032,Basil Rajan,Plus One Commerce A,Commerce,Accountancy
1502033,Fathima Mathew,Plus One Commerce A,Commerce,Accountancy
1502034,Mohammed Varghese,Plus One Commerce A,Commerce,Accountancy
1502035,Meera N S,Plus One Commerce A,Commerce,Accountancy
1502036,Aswin T K,Plus One Commerce A,Commerce,Accountancy
1502037,Parvathy Krishnan,Plus One Commerce A,Commerce,Accountancy
1502038,Sanjay Menon,Plus One Commerce A,Commerce,Accountancy
1502039,Theertha V R,Plus One Commerce A,Commerce,Accountancy
1502040,Arjun A K,Plus One Commerce A,Commerce,Accountancy
1503001,Devika Kurian,Plus One Humanities A,Humanities,History
1503002,Nihal Hameed,Plus One Humanities A,Humanities,History
1503003,Riya M S,Plus One Humanities A,Humanities,History
1503004,Fahad Abraham,Plus One Humanities A,Humanities,History
1503005,Haritha Nair,Plus One Humanities A,Humanities,History
1503006,Jerin Babu,Plus One Humanities A,Humanities,History
1503007,Sneha Namboothiri,Plus One Humanities A,Humanities,History
1503008,Abhinav Thomas,Plus One Humanities A,Humanities,History
1503009,Athira Suresh,Plus One Humanities A,Humanities,History
1503010,Amal P A,Plus One Humanities A,Humanities,History
1503011,Nimisha George,Plus One Humanities A,Humanities,History
1503012,Midhun Pillai,Plus One Humanities A,Humanities,History
1503013,Nadia C K,Plus One Humanities A,Humanities,History
1503014,Muhammed K P,Plus One Humanities A,Humanities,History
1503015,Nandana Joseph,Plus One Humanities A,Humanities,History
1503016,Sreehari Das,Plus One Humanities A,Humanities,History
1503017,Keerthana Rajan,Plus One Humanities A,Humanities,History
1503018,Jithin Mathew,Plus One Humanities A,Humanities,History
1503019,Diya Varghese,Plus One Humanities A,Humanities,History
1503020,Harikrishnan N S,Plus One Humanities A,Humanities,History
1503021,Aparna T K,Plus One Humanities A,Humanities,History
1503022,Rahul Krishnan,Plus One Humanities A,Humanities,History
1503023,Ayesha Menon,Plus One Humanities A,Humanities,History
1503024,Sidharth V R,Plus One Humanities A,Humanities,History
1503025,Lakshmi A K,Plus One Humanities A,Humanities,History
1503026,Kiran Kurian,Plus One Humanities A,Humanities,History
1503027,Anagha Hameed,Plus One Humanities A,Humanities,History
1503028,Rohan M S,Plus One Humanities A,Humanities,History
1503029,Anjali Abraham,Plus One Humanities A,Humanities,History
1503030,Vishnu Nair,Plus One Humanities A,Humanities,History
1503031,Hiba Babu,Plus One Humanities A,Humanities,History
1503032,Gokul Namboothiri,Plus One Humanities A,Humanities,History
1503033,Safa Thomas,Plus One Humanities A,Humanities,History
1503034,Ajmal Suresh,Plus One Humanities A,Humanities,History
1503035,Sreelakshmi P A,Plus One Humanities A,Humanities,History
1503036,Adithya George,Plus One Humanities A,Humanities,History
1503037,Gopika Pillai,Plus One Humanities A,Humanities,History
1503038,Akhil C K,Plus One Humanities A,Humanities,History
1503039,Shifana K P,Plus One Humanities A,Humanities,History
1503040,Ananthu Joseph,Plus One Humanities A,Humanities,History
2501001,Aleena Das,Plus Two Science A,Science,Biology
2501002,Basil Rajan,Plus Two Science A,Science,Biology
2501003,Fathima Mathew,Plus Two Science A,Science,Biology
2501004,Mohammed Varghese,Plus Two Science A,Science,Biology
2501005,Meera N S,Plus Two Science A,Science,Biology
2501006,Aswin T K,Plus Two Science A,Science,Biology
2501007,Parvathy Krishnan,Plus Two Science A,Science,Biology
2501008,Sanjay Menon,Plus Two Science A,Science,Biology
2501009,Theertha V R,Plus Two Science A,Science,Biology
2501010,Arjun A K,Plus Two Science A,Science,Biology
2501011,Devika Kurian,Plus Two Science A,Science,Biology
2501012,Nihal Hameed,Plus Two Science A,Science,Biology
2501013,Riya M S,Plus Two Science A,Science,Biology
2501014,Fahad Abraham,Plus Two Science A,Science,Biology
2501015,Haritha Nair,Plus Two Science A,Science,Biology
2501016,Jerin Babu,Plus Two Science A,Science,Biology
2501017,Sneha Namboothiri,Plus Two Science A,Science,Biology
2501018,Abhinav Thomas,Plus Two Science A,Science,Biology
2501019,Athira Suresh,Plus Two Science A,Science,Biology
2501020,Amal P A,Plus Two Science A,Science,Biology
2501021,Nimisha George,Plus Two Science A,Science,Biology
2501022,Midhun Pillai,Plus Two Science A,Science,Biology
2501023,Nadia C K,Plus Two Science A,Science,Computer Science
2501024,Muhammed K P,Plus Two Science A,Science,Computer Science
2501025,Nandana Joseph,Plus Two Science A,Science,Computer Science
2501026,Sreehari Das,Plus Two Science A,Science,Computer Science
2501027,Keerthana Rajan,Plus Two Science A,Science,Computer Science
2501028,Jithin Mathew,Plus Two Science A,Science,Computer Science
2501029,Diya Varghese,Plus Two Science A,Science,Computer Science
2501030,Harikrishnan N S,Plus Two Science A,Science,Computer Science
2501031,Aparna T K,Plus Two Science A,Science,Computer Science
2501032,Rahul Krishnan,Plus Two Science A,Science,Computer Science
2501033,Ayesha Menon,Plus Two Science A,Science,Computer Science
2501034,Sidharth V R,Plus Two Science A,Science,Computer Science
2501035,Lakshmi A K,Plus Two Science A,Science,Computer Science
2501036,Kiran Kurian,Plus Two Science A,Science,Computer Science
2501037,Anagha Hameed,Plus Two Science A,Science,Computer Science
2501038,Rohan M S,Plus Two Science A,Science,Computer Science
2501039,Anjali Abraham,Plus Two Science A,Science,Computer Science
2501040,Vishnu Nair,Plus Two Science A,Science,Computer Science
2502001,Hiba Babu,Plus Two Commerce A,Commerce,Economics
2502002,Gokul Namboothiri,Plus Two Commerce A,Commerce,Economics
2502003,Safa Thomas,Plus Two Commerce A,Commerce,Economics
2502004,Ajmal Suresh,Plus Two Commerce A,Commerce,Economics
2502005,Sreelakshmi P A,Plus Two Commerce A,Commerce,Economics
2502006,Adithya George,Plus Two Commerce A,Commerce,Economics
2502007,Gopika Pillai,Plus Two Commerce A,Commerce,Economics
2502008,Akhil C K,Plus Two Commerce A,Commerce,Economics
2502009,Shifana K P,Plus Two Commerce A,Commerce,Economics
2502010,Ananthu Joseph,Plus Two Commerce A,Commerce,Economics
2502011,Aleena Das,Plus Two Commerce A,Commerce,Economics
2502012,Basil Rajan,Plus Two Commerce A,Commerce,Economics
2502013,Fathima Mathew,Plus Two Commerce A,Commerce,Economics
2502014,Mohammed Varghese,Plus Two Commerce A,Commerce,Economics
2502015,Meera N S,Plus Two Commerce A,Commerce,Economics
2502016,Aswin T K,Plus Two Commerce A,Commerce,Economics
2502017,Parvathy Krishnan,Plus Two Commerce A,Commerce,Economics
2502018,Sanjay Menon,Plus Two Commerce A,Commerce,Economics
2502019,Theertha V R,Plus Two Commerce A,Commerce,Economics
2502020,Arjun A K,Plus Two Commerce A,Commerce,Economics
2502021,Devika Kurian,Plus Two Commerce A,Commerce,Economics
2502022,Nihal Hameed,Plus Two Commerce A,Commerce,Economics
2502023,Riya M S,Plus Two Commerce A,Commerce,Economics
2502024,Fahad Abraham,Plus Two Commerce A,Commerce,Economics
2502025,Haritha Nair,Plus Two Commerce A,Commerce,Economics
2502026,Jerin Babu,Plus Two Commerce A,Commerce,Economics
2502027,Sneha Namboothiri,Plus Two Commerce A,Commerce,Economics
2502028,Abhinav Thomas,Plus Two Commerce A,Commerce,Economics
2502029,Athira Suresh,Plus Two Commerce A,Commerce,Economics
2502030,Amal P A,Plus Two Commerce A,Commerce,Economics
2502031,Nimisha George,Plus Two Commerce A,Commerce,Economics
2502032,Midhun Pillai,Plus Two Commerce A,Commerce,Economics
2502033,Nadia C K,Plus Two Commerce A,Commerce,Economics
2502034,Muhammed K P,Plus Two Commerce A,Commerce,Economics
2502035,Nandana Joseph,Plus Two Commerce A,Commerce,Economics
2502036,Sreehari Das,Plus Two Commerce A,Commerce,Economics
2502037,Keerthana Rajan,Plus Two Commerce A,Commerce,Economics
2502038,Jithin Mathew,Plus Two Commerce A,Commerce,Economics
2502039,Diya Varghese,Plus Two Commerce A,Commerce,Economics
2502040,Harikrishnan N S,Plus Two Commerce A,Commerce,Economics
2503001,Aparna T K,Plus Two Humanities A,Humanities,Economics
2503002,Rahul Krishnan,Plus Two Humanities A,Humanities,Economics
2503003,Ayesha Menon,Plus Two Humanities A,Humanities,Economics
2503004,Sidharth V R,Plus Two Humanities A,Humanities,Economics
2503005,Lakshmi A K,Plus Two Humanities A,Humanities,Economics
2503006,Kiran Kurian,Plus Two Humanities A,Humanities,Economics
2503007,Anagha Hameed,Plus Two Humanities A,Humanities,Economics
2503008,Rohan M S,Plus Two Humanities A,Humanities,Economics
2503009,Anjali Abraham,Plus Two Humanities A,Humanities,Economics
2503010,Vishnu Nair,Plus Two Humanities A,Humanities,Economics
2503011,Hiba Babu,Plus Two Humanities A,Humanities,Economics
2503012,Gokul Namboothiri,Plus Two Humanities A,Humanities,Economics
2503013,Safa Thomas,Plus Two Humanities A,Humanities,Economics
2503014,Ajmal Suresh,Plus Two Humanities A,Humanities,Economics
2503015,Sreelakshmi P A,Plus Two Humanities A,Humanities,Economics
2503016,Adithya George,Plus Two Humanities A,Humanities,Economics
2503017,Gopika Pillai,Plus Two Humanities A,Humanities,Economics
2503018,Akhil C K,Plus Two Humanities A,Humanities,Economics
2503019,Shifana K P,Plus Two Humanities A,Humanities,Economics
2503020,Ananthu Joseph,Plus Two Humanities A,Humanities,Economics
2503021,Aleena Das,Plus Two Humanities A,Humanities,Economics
2503022,Basil Rajan,Plus Two Humanities A,Humanities,Economics
2503023,Fathima Mathew,Plus Two Humanities A,Humanities,Economics
2503024,Mohammed Varghese,Plus Two Humanities A,Humanities,Economics
2503025,Meera N S,Plus Two Humanities A,Humanities,Economics
2503026,Aswin T K,Plus Two Humanities A,Humanities,Economics
2503027,Parvathy Krishnan,Plus Two Humanities A,Humanities,Economics
2503028,Sanjay Menon,Plus Two Humanities A,Humanities,Economics
2503029,Theertha V R,Plus Two Humanities A,Humanities,Economics
2503030,Arjun A K,Plus Two Humanities A,Humanities,Economics
2503031,Devika Kurian,Plus Two Humanities A,Humanities,Economics
2503032,Nihal Hameed,Plus Two Humanities A,Humanities,Economics
2503033,Riya M S,Plus Two Humanities A,Humanities,Economics
2503034,Fahad Abraham,Plus Two Humanities A,Humanities,Economics
2503035,Haritha Nair,Plus Two Humanities A,Humanities,Economics
2503036,Jerin Babu,Plus Two Humanities A,Humanities,Economics
2503037,Sneha Namboothiri,Plus Two Humanities A,Humanities,Economics
2503038,Abhinav Thomas,Plus Two Humanities A,Humanities,Economics
2503039,Athira Suresh,Plus Two Humanities A,Humanities,Economics
2503040,Amal P A,Plus Two Humanities A,Humanities,Economics
